"","File_Generated","Indicator","Region","Num_Datasets","Caption"
"1","C:/Users/abigail.tyrell/Documents/code/READ-EDAB-SOE_reports/images/BothReports/NARW-calf-abundance_BothReports_2026-07-08.png","NARW-calf-abundance","BothReports",1,"Plot (NARW-calf-abundance): Data extends through 2025. Status is currently near average. no statistically significant long-term trend was detected (AR1, p = 0.350). No statistically significant short-term trend was detected over the last 10 years (p = 0.464)."
"2","C:/Users/abigail.tyrell/Documents/code/READ-EDAB-SOE_reports/images/BothReports/cold_pool_BothReports_2026-07-08.png","cold_pool-a, cold_pool-b","BothReports",2,"\newline \newline Plot Summary (2 datasets, Region: BothReports): Data across all series extends through 2025.\newline\newline \newline • cold_pool-a (Most recent year: 2025, near average): A statistically significant long-term negative trend (ar1, p < 0.001) was detected. No statistically significant short-term trend was detected over the last 10 years (p = 0.588).\newline\newline \newline • cold_pool-b (Most recent year: 2025, near average): A statistically significant long-term negative trend (ar1, p = 0.011) was detected. No statistically significant short-term trend was detected over the last 10 years (p = 0.646)."
"3","C:/Users/abigail.tyrell/Documents/code/READ-EDAB-SOE_reports/images/BothReports/cold_pool_time_BothReports_2026-07-08.png","cold_pool_time","BothReports",1,"Plot (cold_pool_time): Data extends through 2025. Status is currently near average. a statistically significant long-term negative trend (AR1, p = 0.001) was detected. No statistically significant short-term trend was detected over the last 10 years (p = 0.726)."
"4","C:/Users/abigail.tyrell/Documents/code/READ-EDAB-SOE_reports/images/BothReports/euph_cog_BothReports_2026-07-08.png","euph_cog","BothReports",4,"\newline \newline Plot Summary (4 datasets, Region: BothReports): Data across all series extends through 2023.\newline\newline \newline • Eastward - Fall (Most recent year: 2023, below average): No statistically significant long-term trend was detected (ar1, p = 0.636). No statistically significant short-term trend was detected over the last 10 years (p = 0.400).\newline\newline \newline • Eastward - Spring (Most recent year: 2023, above average): No statistically significant long-term trend was detected (ar1, p = 0.847). No statistically significant short-term trend was detected over the last 10 years (p = 0.464).\newline\newline \newline • Northward - Fall (Most recent year: 2023, below average): No statistically significant long-term trend was detected (ar1, p = 0.407). No statistically significant short-term trend was detected over the last 10 years (p = 0.582).\newline\newline \newline • Northward - Spring (Most recent year: 2023, above average): No statistically significant long-term trend was detected (ar1, p = 0.895). No statistically significant short-term trend was detected over the last 10 years (p = 0.126)."
"5","C:/Users/abigail.tyrell/Documents/code/READ-EDAB-SOE_reports/images/BothReports/forage_dist_BothReports_2026-07-08.png","forage_dist","BothReports",4,"\newline \newline Plot Summary (4 datasets, Region: BothReports): Data across all series extends through 2023.\newline\newline \newline • Eastward - Fall (Most recent year: 2023, near average): A statistically significant long-term positive trend (ar1, p = 0.041) was detected. No statistically significant short-term trend was detected over the last 10 years (p = 0.248).\newline\newline \newline • Eastward - Spring (Most recent year: 2023, near average): No statistically significant long-term trend was detected (ar1, p = 0.064). No statistically significant short-term trend was detected over the last 10 years (p = 0.740).\newline\newline \newline • Northward - Fall (Most recent year: 2023, near average): A statistically significant long-term positive trend (ar1, p = 0.003) was detected. No statistically significant short-term trend was detected over the last 10 years (p = 0.578).\newline\newline \newline • Northward - Spring (Most recent year: 2023, near average): A statistically significant long-term positive trend (ar1, p = 0.039) was detected. No statistically significant short-term trend was detected over the last 10 years (p = 0.186)."
"6","C:/Users/abigail.tyrell/Documents/code/READ-EDAB-SOE_reports/images/BothReports/lgcopeall_cog_BothReports_2026-07-08.png","lgcopeall_cog","BothReports",4,"\newline \newline Plot Summary (4 datasets, Region: BothReports): Data across all series extends through 2023.\newline\newline \newline • Eastward - Fall (Most recent year: 2023, above average): No statistically significant long-term trend was detected (ar1, p = 0.208). No statistically significant short-term trend was detected over the last 10 years (p = 0.202).\newline\newline \newline • Eastward - Spring (Most recent year: 2023, below average): No statistically significant long-term trend was detected (ar1, p = 0.733). A statistically significant short-term negative trend (p = 0.042) was observed over the last 10 years.\newline\newline \newline • Northward - Fall (Most recent year: 2023, above average): No statistically significant long-term trend was detected (ar1, p = 0.266). No statistically significant short-term trend was detected over the last 10 years (p = 0.138).\newline\newline \newline • Northward - Spring (Most recent year: 2023, below average): No statistically significant long-term trend was detected (ar1, p = 0.310). No statistically significant short-term trend was detected over the last 10 years (p = 0.212)."
"7","C:/Users/abigail.tyrell/Documents/code/READ-EDAB-SOE_reports/images/BothReports/long_term_sst_BothReports_2026-07-08.png","long_term_sst","BothReports",1,"Plot (long_term_sst): Data extends through 2025. Status is currently above average. a statistically significant long-term positive trend (AR1, p < 0.001) was detected. No statistically significant short-term trend was detected over the last 10 years (p = 0.542)."
"8","C:/Users/abigail.tyrell/Documents/code/READ-EDAB-SOE_reports/images/BothReports/macrobenthos_dist_BothReports_2026-07-08.png","macrobenthos_dist","BothReports",4,"\newline \newline Plot Summary (4 datasets, Region: BothReports): Data across all series extends through 2024.\newline\newline \newline • Eastward - Fall (Most recent year: 2024, above average): No statistically significant long-term trend was detected (ar1, p = 0.131). No statistically significant short-term trend was detected over the last 10 years (p = 0.366).\newline\newline \newline • Eastward - Spring (Most recent year: 2024, near average): No statistically significant long-term trend was detected (ar1, p = 0.079). No statistically significant short-term trend was detected over the last 10 years (p = 0.346).\newline\newline \newline • Northward - Fall (Most recent year: 2024, above average): No statistically significant long-term trend was detected (ar1, p = 0.292). No statistically significant short-term trend was detected over the last 10 years (p = 0.526).\newline\newline \newline • Northward - Spring (Most recent year: 2024, below average): A statistically significant long-term negative trend (ar1, p = 0.025) was detected. No statistically significant short-term trend was detected over the last 10 years (p = 0.656)."
"9","C:/Users/abigail.tyrell/Documents/code/READ-EDAB-SOE_reports/images/BothReports/megabenthos_dist_BothReports_2026-07-08.png","megabenthos_dist","BothReports",4,"\newline \newline Plot Summary (4 datasets, Region: BothReports): Data across all series extends through 2024.\newline\newline \newline • Eastward - Fall (Most recent year: 2024, above average): No statistically significant long-term trend was detected (ar1, p = 0.089). No statistically significant short-term trend was detected over the last 10 years (p = 0.674).\newline\newline \newline • Eastward - Spring (Most recent year: 2024, near average): No statistically significant long-term trend was detected (ar1, p = 0.157). A statistically significant short-term positive trend (p = 0.006) was observed over the last 10 years.\newline\newline \newline • Northward - Fall (Most recent year: 2024, above average): No statistically significant long-term trend was detected (ar1, p = 0.543). No statistically significant short-term trend was detected over the last 10 years (p = 0.770).\newline\newline \newline • Northward - Spring (Most recent year: 2024, near average): No statistically significant long-term trend was detected (ar1, p = 0.163). No statistically significant short-term trend was detected over the last 10 years (p = 0.078)."
"10","C:/Users/abigail.tyrell/Documents/code/READ-EDAB-SOE_reports/images/BothReports/narw_abundance_BothReports_2026-07-08.png","narw_abundance","BothReports",1,"Plot (narw_abundance): Data extends through 2024. Status is currently near average. no statistically significant long-term trend was detected (AR1, p = 0.124). No statistically significant short-term trend was detected over the last 10 years (some missing data) (p = 0.330)."
"11","C:/Users/abigail.tyrell/Documents/code/READ-EDAB-SOE_reports/images/BothReports/seal_pups_BothReports_2026-07-08.png","seal_pups","BothReports",4,"\newline \newline Plot Summary (4 datasets, Region: BothReports): Data across all series extends through 2021.\newline\newline \newline • Monomoy (Most recent year: 2021, above average): Long-term trends were not evaluated (< 30 years of data). No statistically significant short-term trend was detected over the last 34 years (some missing data) (p = 0.340).\newline\newline \newline • Muskeget (Most recent year: 2021, above average): Long-term trends were not evaluated (< 30 years of data). No statistically significant short-term trend was detected over the last 34 years (some missing data) (p = 0.090).\newline\newline \newline • Nomans Land (Most recent year: 2021, above average): Long-term trends were not evaluated (< 30 years of data). No statistically significant short-term trend was detected over the last 34 years (some missing data) (p = 0.114).\newline\newline \newline • Seal (Most recent year: 2021, above average): Long-term trends were not evaluated (< 30 years of data). A statistically significant short-term positive trend (p = 0.044) was observed over the last 34 years (some missing data)."
"12","C:/Users/abigail.tyrell/Documents/code/READ-EDAB-SOE_reports/images/BothReports/slopewater_BothReports_2026-07-08.png","slopewater","BothReports",2,"\newline \newline Plot Summary (2 datasets, Region: BothReports): Data across all series extends through 2024.\newline\newline \newline • LSW (Most recent year: 2024, near average): No statistically significant long-term trend was detected (ar1, p = 0.053). No statistically significant short-term trend was detected over the last 10 years (some missing data) (p = 0.098).\newline\newline \newline • WSW (Most recent year: 2024, near average): A statistically significant long-term positive trend (ar1, p = 0.015) was detected. No statistically significant short-term trend was detected over the last 10 years (some missing data) (p = 0.358)."
"13","C:/Users/abigail.tyrell/Documents/code/READ-EDAB-SOE_reports/images/BothReports/smallcopeall_cog_BothReports_2026-07-08.png","smallcopeall_cog","BothReports",4,"\newline \newline Plot Summary (4 datasets, Region: BothReports): Data timeframes vary across series.\newline\newline \newline • Eastward - Fall (Most recent year: 2022, above average): A statistically significant long-term positive trend (ar1, p = 0.002) was detected. No statistically significant short-term trend was detected over the last 10 years (p = 0.268).\newline\newline \newline • Eastward - Spring (Most recent year: 2023, near average): No statistically significant long-term trend was detected (ar1, p = 0.092). No statistically significant short-term trend was detected over the last 10 years (p = 0.726).\newline\newline \newline • Northward - Fall (Most recent year: 2022, above average): A statistically significant long-term positive trend (ar1, p = 0.006) was detected. No statistically significant short-term trend was detected over the last 10 years (p = 0.362).\newline\newline \newline • Northward - Spring (Most recent year: 2023, above average): A statistically significant long-term positive trend (ar1, p = 0.023) was detected. No statistically significant short-term trend was detected over the last 10 years (p = 0.514)."
"14","C:/Users/abigail.tyrell/Documents/code/READ-EDAB-SOE_reports/images/BothReports/spawn_timing_BothReports_2026-07-08.png","spawn_timing","BothReports",5,"\newline \newline Plot Summary (5 datasets, Region: BothReports): Data timeframes vary across series.\newline\newline \newline • Yellowtail CC (Most recent year: 2023, near average): A statistically significant long-term negative trend (ar1, p = 0.003) was detected. No statistically significant short-term trend was detected over the last 10 years (p = 0.100).\newline\newline \newline • Yellowtail GB (Most recent year: 2023, below average): No statistically significant long-term trend was detected (ar1, p = 0.087). No statistically significant short-term trend was detected over the last 10 years (p = 0.142).\newline\newline \newline • Yellowtail SNE (Most recent year: 2022, above average): A statistically significant long-term positive trend (ar1, p = 0.036) was detected. No statistically significant short-term trend was detected over the last 10 years (p = 0.132).\newline\newline \newline • Haddock GOM (Most recent year: 2022, near average): A statistically significant long-term positive trend (ar1, p = 0.002) was detected. No statistically significant short-term trend was detected over the last 10 years (p = 0.212).\newline\newline \newline • Haddock GB (Most recent year: 2023, above average): A statistically significant long-term positive trend (ar1, p < 0.001) was detected. No statistically significant short-term trend was detected over the last 10 years (p = 0.052)."
"15","C:/Users/abigail.tyrell/Documents/code/READ-EDAB-SOE_reports/images/BothReports/species_dist_BothReports_2026-07-08.png","species_dist-a, species_dist-b","BothReports",2,"\newline \newline Plot Summary (2 datasets, Region: BothReports): Data across all series extends through 2025.\newline\newline \newline • species_dist-a (Most recent year: 2025, above average): A statistically significant long-term positive trend (ar1, p < 0.001) was detected. No statistically significant short-term trend was detected over the last 10 years (some missing data) (p = 0.602).\newline\newline \newline • species_dist-b (Most recent year: 2025, below average): A statistically significant long-term negative trend (ar1, p < 0.001) was detected. No statistically significant short-term trend was detected over the last 10 years (some missing data) (p = 0.146)."
"16","C:/Users/abigail.tyrell/Documents/code/READ-EDAB-SOE_reports/images/BothReports/west_gsi_BothReports_2026-07-08.png","west_gsi","BothReports",1,"Plot (west_gsi): Data extends through 2025. Status is currently near average. a statistically significant long-term positive trend (AR1, p = 0.007) was detected. No statistically significant short-term trend was detected over the last 10 years (p = 0.558)."
"17","C:/Users/abigail.tyrell/Documents/code/READ-EDAB-SOE_reports/images/MidAtlantic/advection_index_MidAtlantic_2026-07-01.png","advection_index","MidAtlantic",3,"\newline \newline Plot Summary (3 datasets, Region: MidAtlantic): Data across all series extends through 2024.\newline\newline \newline • June - 15-40 m (Most recent year: 2024, below average): No statistically significant long-term trend was detected (ar1, p = 0.315). No statistically significant short-term trend was detected over the last 10 years (p = 0.056).\newline\newline \newline • June - <15 m (Most recent year: 2024, below average): A statistically significant long-term negative trend (ar1, p = 0.010) was detected. No statistically significant short-term trend was detected over the last 10 years (p = 0.636).\newline\newline \newline • June - >40 m (Most recent year: 2024, near average): A statistically significant long-term negative trend (ar1, p = 0.047) was detected. No statistically significant short-term trend was detected over the last 10 years (p = 0.306)."
"18","C:/Users/abigail.tyrell/Documents/code/READ-EDAB-SOE_reports/images/MidAtlantic/benthos_MidAtlantic_2026-07-09.png","benthos-megabenthos_plot, benthos-macrobenthos_plot","MidAtlantic",4,"\newline \newline Plot Summary (4 datasets, Region: MidAtlantic): Data across all series extends through 2024.\newline\newline \newline • MAB - Fall (Most recent year: 2024, near average): No statistically significant long-term trend was detected (ar1, p = 0.121). No statistically significant short-term trend was detected over the last 10 years (p = 0.444).\newline\newline \newline • MAB - Spring (Most recent year: 2024, near average): A statistically significant long-term positive trend (ar1, p = 0.041) was detected. No statistically significant short-term trend was detected over the last 10 years (p = 0.984).\newline\newline \newline • MAB - Fall (Most recent year: 2024, near average): No statistically significant long-term trend was detected (ar1, p = 0.215). No statistically significant short-term trend was detected over the last 10 years (p = 0.632).\newline\newline \newline • MAB - Spring (Most recent year: 2024, below average): A statistically significant long-term negative trend (ar1, p = 0.006) was detected. No statistically significant short-term trend was detected over the last 10 years (p = 0.464)."
"19","C:/Users/abigail.tyrell/Documents/code/READ-EDAB-SOE_reports/images/MidAtlantic/bottom_temp_anom_MidAtlantic_2026-07-01.png","bottom_temp_anom","MidAtlantic",8,"\newline \newline Plot Summary (8 datasets, Region: MidAtlantic): Data timeframes vary across series.\newline\newline \newline • Winter - GLORYS (Most recent year: 2025, near average): A statistically significant long-term positive trend (ar1, p = 0.020) was detected. No statistically significant short-term trend was detected over the last 10 years (p = 0.416).\newline\newline \newline • Winter - ROMS (Most recent year: 1992, above average): No statistically significant long-term trend was detected (ar1, p = 0.117). No statistically significant short-term trend was detected over the last 10 years (p = 0.684).\newline\newline \newline • Spring - GLORYS (Most recent year: 2025, near average): A statistically significant long-term positive trend (ar1, p = 0.035) was detected. No statistically significant short-term trend was detected over the last 10 years (p = 0.862).\newline\newline \newline • Spring - ROMS (Most recent year: 1992, near average): A statistically significant long-term positive trend (ar1, p = 0.001) was detected. No statistically significant short-term trend was detected over the last 10 years (p = 0.248).\newline\newline \newline • Summer - GLORYS (Most recent year: 2025, near average): No statistically significant long-term trend was detected (ar1, p = 0.055). No statistically significant short-term trend was detected over the last 10 years (p = 0.618).\newline\newline \newline • Summer - ROMS (Most recent year: 1992, near average): A statistically significant long-term positive trend (ar1, p = 0.039) was detected. No statistically significant short-term trend was detected over the last 10 years (p = 0.490).\newline\newline \newline • Fall - GLORYS (Most recent year: 2025, near average): A statistically significant long-term positive trend (ar1, p < 0.001) was detected. No statistically significant short-term trend was detected over the last 10 years (p = 0.302).\newline\newline \newline • Fall - ROMS (Most recent year: 1992, near average): No statistically significant long-term trend was detected (ar1, p = 0.132). No statistically significant short-term trend was detected over the last 10 years (p = 0.488)."
"20","C:/Users/abigail.tyrell/Documents/code/READ-EDAB-SOE_reports/images/MidAtlantic/bottom_temp_insitu_MidAtlantic_2026-07-01.png","bottom_temp_insitu","MidAtlantic",1,"Plot (MAB): Data extends through 2024. Status is currently above average. a statistically significant long-term positive trend (AR1, p < 0.001) was detected. No statistically significant short-term trend was detected over the last 10 years (p = 0.258)."
"21","C:/Users/abigail.tyrell/Documents/code/READ-EDAB-SOE_reports/images/MidAtlantic/climatevul_rev_MidAtlantic_2026-07-01.png","climatevul_rev","MidAtlantic",1,"Plot (MAB): Data extends through 2024. Status is currently near average. Long-term trends were not evaluated (< 30 years of data). No statistically significant short-term trend was detected over the last 25 years (p = 0.522)."
"22","C:/Users/abigail.tyrell/Documents/code/READ-EDAB-SOE_reports/images/MidAtlantic/comdat_profit_MidAtlantic_2026-07-01.png","comdat_profit","MidAtlantic",3,"\newline \newline Plot Summary (3 datasets, Region: MidAtlantic): Data across all series extends through 2024.\newline\newline \newline • Cost Index (Most recent year: 2024, near average): Long-term trends were not evaluated (< 30 years of data). No statistically significant short-term trend was detected over the last 25 years (p = 0.308).\newline\newline \newline • Profit Index (Most recent year: 2024, below average): Long-term trends were not evaluated (< 30 years of data). No statistically significant short-term trend was detected over the last 25 years (p = 0.080).\newline\newline \newline • Revenue Index (Most recent year: 2024, below average): Long-term trends were not evaluated (< 30 years of data). No statistically significant short-term trend was detected over the last 25 years (p = 0.062)."
"23","C:/Users/abigail.tyrell/Documents/code/READ-EDAB-SOE_reports/images/MidAtlantic/comm_div_fleet_MidAtlantic_2026-07-01.png","comm_div_fleet","MidAtlantic",1,"Plot (comm_div_fleet): Data extends through 2024. Status is currently near average. Long-term trends were not evaluated (< 30 years of data). A statistically significant short-term negative trend (p = 0.028) was observed over the last 22 years."
"24","C:/Users/abigail.tyrell/Documents/code/READ-EDAB-SOE_reports/images/MidAtlantic/comm_revenue_MidAtlantic_2026-07-01.png","comm_revenue","MidAtlantic",2,"\newline \newline Plot Summary (2 datasets, Region: MidAtlantic): Data across all series extends through 2024.\newline\newline \newline • MAB - Council Managed (Most recent year: 2024, below average): No statistically significant long-term trend was detected (ar1, p = 0.053). No statistically significant short-term trend was detected over the last 10 years (p = 0.130).\newline\newline \newline • MAB - Total (Most recent year: 2024, below average): No statistically significant long-term trend was detected (ar1, p = 0.848). No statistically significant short-term trend was detected over the last 10 years (p = 0.052)."
"25","C:/Users/abigail.tyrell/Documents/code/READ-EDAB-SOE_reports/images/MidAtlantic/commercial_div_species_div_MidAtlantic_2026-07-01.png","commercial_div_species_div","MidAtlantic",1,"Plot (commercial_div_species_div): Data extends through 2024. Status is currently near average. Long-term trends were not evaluated (< 30 years of data). No statistically significant short-term trend was detected over the last 22 years (p = 0.170)."
"26","C:/Users/abigail.tyrell/Documents/code/READ-EDAB-SOE_reports/images/MidAtlantic/commercial_engagement_MidAtlantic_2026-07-01.png","commercial_engagement","MidAtlantic",10,"\newline \newline Plot Summary (10 datasets, Region: MidAtlantic): Data across all series extends through 2024.\newline\newline \newline • BARNEGAT LIGHT,NJ (Most recent year: 2024, near average): Long-term trends were not evaluated (< 30 years of data). No statistically significant short-term trend was detected over the last 18 years (p = 0.124).\newline\newline \newline • BRICK,NJ (Most recent year: 2024, above average): Long-term trends were not evaluated (< 30 years of data). No statistically significant short-term trend was detected over the last 18 years (p = 0.792).\newline\newline \newline • BRONX,NY (Most recent year: 2024, below average): Long-term trends were not evaluated (< 30 years of data). No statistically significant short-term trend was detected over the last 18 years (p = 0.108).\newline\newline \newline • CAPE MAY,NJ (Most recent year: 2024, near average): Long-term trends were not evaluated (< 30 years of data). No statistically significant short-term trend was detected over the last 18 years (p = 0.268).\newline\newline \newline • HAMPTON BAYS/SHINNECOCK,NY (Most recent year: 2024, above average): Long-term trends were not evaluated (< 30 years of data). A statistically significant short-term positive trend (p = 0.022) was observed over the last 18 years.\newline\newline \newline • MONTAUK,NY (Most recent year: 2024, near average): Long-term trends were not evaluated (< 30 years of data). No statistically significant short-term trend was detected over the last 18 years (p = 0.774).\newline\newline \newline • NEWPORT NEWS,VA (Most recent year: 2024, near average): Long-term trends were not evaluated (< 30 years of data). No statistically significant short-term trend was detected over the last 18 years (p = 0.154).\newline\newline \newline • OCEAN CITY,MD (Most recent year: 2024, near average): Long-term trends were not evaluated (< 30 years of data). No statistically significant short-term trend was detected over the last 18 years (p = 0.290).\newline\newline \newline • OTHER,VA (includes REEDVILLE) (Most recent year: 2024, near average): Long-term trends were not evaluated (< 30 years of data). No statistically significant short-term trend was detected over the last 18 years (p = 0.342).\newline\newline \newline • POINT PLEASANT BEACH,NJ (Most recent year: 2024, near average): Long-term trends were not evaluated (< 30 years of data). No statistically significant short-term trend was detected over the last 18 years (p = 0.360)."
"27","C:/Users/abigail.tyrell/Documents/code/READ-EDAB-SOE_reports/images/MidAtlantic/commvulex_MidAtlantic_2026-07-01.png","commvulex","MidAtlantic",4,"\newline \newline Plot Summary (4 datasets, Region: MidAtlantic): Data across all series extends through 2024.\newline\newline \newline • MAB - High (Most recent year: 2024, near average): Long-term trends were not evaluated (< 30 years of data). No statistically significant short-term trend was detected over the last 25 years (p = 0.716).\newline\newline \newline • MAB - Low (Most recent year: 2024, near average): Long-term trends were not evaluated (< 30 years of data). A statistically significant short-term negative trend (p = 0.022) was observed over the last 25 years.\newline\newline \newline • MAB - Moderate (Most recent year: 2024, below average): Long-term trends were not evaluated (< 30 years of data). A statistically significant short-term negative trend (p = 0.012) was observed over the last 25 years.\newline\newline \newline • MAB - Very High (Most recent year: 2024, above average): Long-term trends were not evaluated (< 30 years of data). A statistically significant short-term positive trend (p = 0.020) was observed over the last 25 years."
"28","C:/Users/abigail.tyrell/Documents/code/READ-EDAB-SOE_reports/images/MidAtlantic/exp_n_MidAtlantic_2026-07-08.png","exp_n","MidAtlantic",2,"\newline \newline Plot Summary (2 datasets, Region: MidAtlantic): Data timeframes vary across series.\newline\newline \newline • MAB - Albatross (Most recent year: 2008, near average): No statistically significant long-term trend was detected (ar1, p = 0.486). No statistically significant short-term trend was detected over the last 10 years (p = 0.268).\newline\newline \newline • MAB - Bigelow (Most recent year: 2025, below average): Long-term trends were not evaluated (< 30 years of data). No statistically significant short-term trend was detected over the last 15 years (p = 0.184)."
"29","C:/Users/abigail.tyrell/Documents/code/READ-EDAB-SOE_reports/images/MidAtlantic/foragebio_MidAtlantic_2026-07-09.png","foragebio","MidAtlantic",2,"\newline \newline Plot Summary (2 datasets, Region: MidAtlantic): Data across all series extends through 2023.\newline\newline \newline • MAB - Fall (Most recent year: 2023, near average): A statistically significant long-term negative trend (ar1, p = 0.004) was detected. No statistically significant short-term trend was detected over the last 10 years (p = 0.410).\newline\newline \newline • MAB - Spring (Most recent year: 2023, above average): No statistically significant long-term trend was detected (ar1, p = 0.391). No statistically significant short-term trend was detected over the last 10 years (p = 0.394)."
"30","C:/Users/abigail.tyrell/Documents/code/READ-EDAB-SOE_reports/images/MidAtlantic/rec_div_MidAtlantic_2026-07-01.png","rec_div","MidAtlantic",1,"Plot (rec_div): Data extends through 2024. Status is currently below average. a statistically significant long-term negative trend (AR1, p < 0.001) was detected. A statistically significant short-term negative trend (p = 0.020) was observed over the last 10 years."
"31","C:/Users/abigail.tyrell/Documents/code/READ-EDAB-SOE_reports/images/MidAtlantic/rec_hms_MidAtlantic_2026-07-01.png","rec_hms-rec_hms_plot, rec_hms-rec_lps_sharks_plot","MidAtlantic",4,"\newline \newline Plot Summary (4 datasets, Region: MidAtlantic): Data timeframes vary across series.\newline\newline \newline • Other - Large Coastal (Most recent year: 2020, near average): A statistically significant long-term negative trend (ar1, p < 0.001) was detected. No statistically significant short-term trend was detected over the last 10 years (some missing data) (p = 0.882).\newline\newline \newline • Other - Prohibited (Most recent year: 2008, near average): Long-term trends were not evaluated (< 30 years of data). No statistically significant short-term trend was detected over the last 42 years (some missing data) (p = 0.080).\newline\newline \newline • Other - Small Coastal (Most recent year: 2022, near average): Long-term trends were not evaluated (< 30 years of data). No statistically significant short-term trend was detected over the last 42 years (some missing data) (p = 0.086).\newline\newline \newline • rec_hms-rec_lps_sharks_plot (Most recent year: 2024, below average): Long-term trends were not evaluated (< 30 years of data). A statistically significant short-term negative trend (p = 0.016) was observed over the last 23 years."
"32","C:/Users/abigail.tyrell/Documents/code/READ-EDAB-SOE_reports/images/MidAtlantic/rec_op_MidAtlantic_2026-07-01.png","rec_op","MidAtlantic",1,"Plot (rec_op): Data extends through 2024. Status is currently near average. no statistically significant long-term trend was detected (AR1, p = 0.152). No statistically significant short-term trend was detected over the last 10 years (p = 0.512)."
"33","C:/Users/abigail.tyrell/Documents/code/READ-EDAB-SOE_reports/images/MidAtlantic/recdat_div_catch_MidAtlantic_2026-07-01.png","recdat_div_catch","MidAtlantic",1,"Plot (recdat_div_catch): Data extends through 2024. Status is currently above average. no statistically significant long-term trend was detected (AR1, p = 0.072). No statistically significant short-term trend was detected over the last 10 years (p = 0.082)."
"34","C:/Users/abigail.tyrell/Documents/code/READ-EDAB-SOE_reports/images/MidAtlantic/seasonal_oisst_anom_MidAtlantic_2026-07-01.png","seasonal_oisst_anom","MidAtlantic",4,"\newline \newline Plot Summary (4 datasets, Region: MidAtlantic): Data across all series extends through 2025.\newline\newline \newline • Winter (Most recent year: 2025, near average): No statistically significant long-term trend was detected (ar1, p = 0.066). No statistically significant short-term trend was detected over the last 10 years (p = 0.706).\newline\newline \newline • Spring (Most recent year: 2025, above average): A statistically significant long-term positive trend (ar1, p = 0.001) was detected. A statistically significant short-term positive trend (p = 0.010) was observed over the last 10 years.\newline\newline \newline • Summer (Most recent year: 2025, near average): A statistically significant long-term positive trend (ar1, p < 0.001) was detected. No statistically significant short-term trend was detected over the last 10 years (p = 0.624).\newline\newline \newline • Fall (Most recent year: 2025, near average): A statistically significant long-term positive trend (ar1, p = 0.019) was detected. No statistically significant short-term trend was detected over the last 10 years (p = 0.242)."
"35","C:/Users/abigail.tyrell/Documents/code/READ-EDAB-SOE_reports/images/MidAtlantic/totpp_MidAtlantic_2026-07-01.png","totpp","MidAtlantic",1,"Plot (totpp): Data extends through 2025. Status is currently below average. Long-term trends were not evaluated (< 30 years of data). No statistically significant short-term trend was detected over the last 28 years (p = 0.472)."
"36","C:/Users/abigail.tyrell/Documents/code/READ-EDAB-SOE_reports/images/MidAtlantic/traits_MidAtlantic_2026-07-01.png","traits","MidAtlantic",2,"\newline \newline Plot Summary (2 datasets, Region: MidAtlantic): Data across all series extends through 2024.\newline\newline \newline • FALL (Most recent year: 2024, below average): A statistically significant long-term negative trend (ar1, p = 0.042) was detected. A statistically significant short-term negative trend (p = 0.024) was observed over the last 10 years.\newline\newline \newline • SPRING (Most recent year: 2024, near average): A statistically significant long-term positive trend (ar1, p = 0.026) was detected. No statistically significant short-term trend was detected over the last 10 years (p = 0.446)."
"37","C:/Users/abigail.tyrell/Documents/code/READ-EDAB-SOE_reports/images/MidAtlantic/traits_k_MidAtlantic_2026-07-01.png","traits_k","MidAtlantic",2,"\newline \newline Plot Summary (2 datasets, Region: MidAtlantic): Data across all series extends through 2024.\newline\newline \newline • FALL (Most recent year: 2024, near average): A statistically significant long-term positive trend (ar1, p = 0.015) was detected. No statistically significant short-term trend was detected over the last 10 years (p = 0.150).\newline\newline \newline • SPRING (Most recent year: 2024, above average): No statistically significant long-term trend was detected (ar1, p = 0.439). No statistically significant short-term trend was detected over the last 10 years (p = 0.420)."
"38","C:/Users/abigail.tyrell/Documents/code/READ-EDAB-SOE_reports/images/MidAtlantic/traits_tl_MidAtlantic_2026-07-01.png","traits_tl","MidAtlantic",2,"\newline \newline Plot Summary (2 datasets, Region: MidAtlantic): Data across all series extends through 2024.\newline\newline \newline • FALL (Most recent year: 2024, near average): A statistically significant long-term negative trend (ar1, p = 0.016) was detected. No statistically significant short-term trend was detected over the last 10 years (p = 0.742).\newline\newline \newline • SPRING (Most recent year: 2024, below average): No statistically significant long-term trend was detected (ar1, p = 0.609). No statistically significant short-term trend was detected over the last 10 years (p = 0.874)."
"39","C:/Users/abigail.tyrell/Documents/code/READ-EDAB-SOE_reports/images/MidAtlantic/transition_date_MidAtlantic_2026-07-01.png","transition_date","MidAtlantic",1,"Plot (MAB): Data extends through 2025. Status is currently near average. a statistically significant long-term positive trend (AR1, p = 0.018) was detected. No statistically significant short-term trend was detected over the last 10 years (p = 0.576)."
"40","C:/Users/abigail.tyrell/Documents/code/READ-EDAB-SOE_reports/images/MidAtlantic/zoo_community_MidAtlantic_2026-07-01.png","zoo_community","MidAtlantic",2,"\newline \newline Plot Summary (2 datasets, Region: MidAtlantic): Data across all series extends through 2024.\newline\newline \newline • MAB - Comp.1 (Most recent year: 2024, near average): A statistically significant long-term negative trend (ar1, p < 0.001) was detected. No statistically significant short-term trend was detected over the last 10 years (p = 0.920).\newline\newline \newline • MAB - Comp.2 (Most recent year: 2024, near average): No statistically significant long-term trend was detected (ar1, p = 0.821). No statistically significant short-term trend was detected over the last 10 years (p = 0.102)."
"41","C:/Users/abigail.tyrell/Documents/code/READ-EDAB-SOE_reports/images/MidAtlantic/zoo_diversity_MidAtlantic_2026-07-01.png","zoo_diversity","MidAtlantic",1,"Plot (MAB): Data extends through 2021. Status is currently above average. Long-term trends were not evaluated (< 30 years of data). A statistically significant short-term positive trend (p = 0.010) was observed over the last 30 years (some missing data)."
"42","C:/Users/abigail.tyrell/Documents/code/READ-EDAB-SOE_reports/images/MidAtlantic/zooplankton_anomaly_MidAtlantic_2026-07-09.png","zooplankton_anomaly-large_copepod_plot, zooplankton_anomaly-small_copepod_plot, zooplankton_anomaly-euphausiid_plot","MidAtlantic",6,"\newline \newline Plot Summary (6 datasets, Region: MidAtlantic): Data timeframes vary across series.\newline\newline \newline • MAB - Fall (Most recent year: 2023, near average): No statistically significant long-term trend was detected (ar1, p = 0.917). No statistically significant short-term trend was detected over the last 10 years (p = 0.974).\newline\newline \newline • MAB - Spring (Most recent year: 2023, near average): No statistically significant long-term trend was detected (ar1, p = 0.967). No statistically significant short-term trend was detected over the last 10 years (p = 0.950).\newline\newline \newline • MAB - Fall (Most recent year: 2022, near average): A statistically significant long-term negative trend (ar1, p = 0.002) was detected. A statistically significant short-term negative trend (p = 0.020) was observed over the last 10 years.\newline\newline \newline • MAB - Spring (Most recent year: 2023, above average): No statistically significant long-term trend was detected (ar1, p = 0.265). No statistically significant short-term trend was detected over the last 10 years (p = 0.352).\newline\newline \newline • MAB - Fall (Most recent year: 2023, near average): A statistically significant long-term positive trend (ar1, p = 0.004) was detected. No statistically significant short-term trend was detected over the last 10 years (p = 0.948).\newline\newline \newline • MAB - Spring (Most recent year: 2023, below average): No statistically significant long-term trend was detected (ar1, p = 0.160). No statistically significant short-term trend was detected over the last 10 years (p = 0.208)."
